user_seq_key:STRING(1),no_seq:DECIMAL(18),rw_tag:STRING(1),level1:DECIMAL(1),title_name:STRING(100),pgrm_id:STRING(60)
,100000000,,1,공통관리,                                        
,200000000,,2,권한 관리,                                        
,300000000,U,3,프로그램 관리,                                        
,300000200,U,4,프로그램 등록,/zmis/z_pgrm_content_h.html
,400000000,U,3,그룹 관리,                                        
,400000100,U,4,그룹 등록,/zmis/z_group_h.html
,400000200,U,4,그룹 프로그램 목록,/zmis/z_group_pgrm_title_h.html
,400000300,U,4,그룹 프로그램 등록,/zmis/z_group_pgrm_content_h.html
,500000000,U,3,개인별추가프로그램등록,                                        
,500000100,U,4,개인별 등록,/zmis/z_user_h.html
,500000200,U,4,개인별 목록 등록,/zmis/z_user_pgrm_title_h.html
,500000300,U,4,개인별 프로그램 등록,/zmis/z_user_pgrm_content_h.html
,600000000,U,3,개인별 그룹및현장권한,                                        
,600000100,U,4,개인별 그룹 연결,/zmis/z_user_group_connect_h.html
,600000200,U,4,개인별 현장 연결,/zmis/z_user_dept_connect_1h.html
,700000000,U,2,부서등록,                                        
,700000100,U,3,사업장 등록,/zmis/z_code_comp_1h.html
,700000200,U,3,상위 부서 등록,/zmis/z_code_dept_title_1h.html
,700000300,U,3,부 서 등 록,/zmis/z_code_dept_1h.html
,700000400,S,3,현장코드승인,/const/r_web/02/r_proj_request_1h.html
,800000000,U,2,사원등록,                                        
,800000100,U,3,직원 등록,/zmis/z_authority_user_input_1h.html
,800000200,U,3,협력업체 직원등록,/zmis/z_business_user_input_1h.html
,800000300,U,3,LOGIN 기록 현황,/zmis/z_login_status_1h.html
,800000400,R,3,공지 사항,/zmis/z_authority_notice_1h.html
,1000000000,U,2,공통코드 등록,                                        
,1000000100,U,3,우편번호 등록,/zmis/z_code_zip_1h.html
,1000000200,U,3,기타 코드 등록,/zmis/z_code_etc_parent_1h.html
,1000000300,U,3,프로세스 셋팅,/zmis/z_process_setting_1h.html
,1100000000,U,1,수주/영업   ,                                        
,1101000000,U,2,계획관리,                                        
,1101000100,U,3,년간수주계획,/const/r_web/01/r_received_plan_1h.html
,1101000200,U,3,수금계획입력,/const/c_web/03/c_contract_collection_plan_1h.html
,1101000300,U,3,spt,
,1101000400,P,3,년간수주계획서.,/const/comm_version_up_1h.html
,1101000500,P,3,수주계획대비실적.,/const/comm_version_up_1h.html
,1103000000,U,2,정보관리,                                        
,1103000010,U,3,공사정보관리,/const/r_web/02/r_const_inform_1h.html
,1103000020,U,3,입찰정보관리,/const/r_web/02/r_receive_code_1h.html
,1103000025,S,3,현장코드승인,/const/r_web/02/r_proj_request_1h.html
,1103000030,U,3,예정가조합생성,/const/r_web/02/r_tender_planamt_1h.html
,1103000040,U,3,spt,
,1103000050,P,3,입찰예정사항.,/const/comm_version_up_1h.html
,1103000060,P,3,입찰현황.,/const/comm_version_up_1h.html
,1103000070,P,3,입찰공고.,/const/comm_version_up_1h.html
,1103000080,P,3,입찰참가보고서.,/const/comm_version_up_1h.html
,1103000090,P,3,입찰결과보고서.,/const/comm_version_up_1h.html
,1106000000,U,2,계약관리,                                        
,1106000100,U,3,공사계약대장,/const/r_web/03/r_contract_list_1h.html
,1106000150,U,3,연대보증내역,/const/r_web/03/r_guarantee_joint_1h.html
,1106000175,U,3,면허보유내역,/const/r_web/03/r_license_list_1h.html
,1106000200,U,3,spt,
,1106000300,P,3,공사도급대장.,/const/comm_version_up_1h.html
,1106000310,P,3,연대보증현황.,/const/comm_version_up_1h.html
,1112000000,U,2,기성관리,                                        
,1112000100,U,3,도급기성 청구및수금,/const/c_web/03/c_contract_time_ext_1h.html
,1112000140,R,3,경영현황(총괄),/const/r_web/05/r_mis_querytot_1h.html
,1112000150,R,3,경영현황(수주현황),/const/r_web/05/r_mis_query01_1h.html
,1112000160,R,3,경영현황(매출현황),/const/r_web/05/r_mis_query02_1h.html
,1112000170,R,3,경영현황(수금현황),/const/r_web/05/r_mis_query03_1h.html
,1112000200,U,3,spt,
,1112000300,P,3,수금현황(공사별).,/const/comm_version_up_1h.html
,1112000400,P,3,기성계획및실적.,/const/comm_version_up_1h.html
,1112000500,P,3,수금계획및실적.,/const/comm_version_up_1h.html
,1112000600,P,3,선급금정산내역서.,/const/comm_version_up_1h.html
,1125000000,U,2,기본관리,                                        
,1125000100,U,3,발주처관리,/const/r_web/99/r_code_order_1h.html
,1125000200,U,3,회원사관리,/const/r_web/99/r_code_membership_1h.html
,1125000300,U,3,지역코드관리,/const/s_web/99/s_region_code_1h.html
,1125000400,U,3,면허코드관리,/const/r_web/99/r_code_lice_parent_1h.html
,1125000500,U,3,PQ공종관리,/const/r_web/99/r_code_pq_1h.html
,1200000000,U,1,실     행   ,                                        
,1300000000,U,2,내역 편성,                                        
,1300000100,U,3,내역 등록,/const/y_web/01/y_chg_degree_1h.html
,1300000200,R,3,실행내역승인,/const/y_web/01/y_approve_process_1h.html
,1300000250,U,3,현장관리비등록,/const/y_web/01/y_projmng_amt_1h.html
,1300000275,R,3,현장별 단가대비,/const/y_web/03/y_compare_price_1h.html
,1300000300,U,3,spt,
,1300000400,P,3,실행예산 내역서,/const/y_web/01r/y_chg_budget_rpt1_1h.html
,1300000500,P,3,실행예산 변경 내역서,/const/y_web/01r/y_chg_budget_incre_rpt_1h.html
,1300000600,P,3,실행예산 총괄표,/const/y_web/01r/y_budget_total_rpt_1h.html
,1300000700,P,3,현장관리비내역서,/const/y_web/01r/y_projmng_amt_list_1h.html
,1400000000,U,2,기본 관리,                                        
,1400000100,U,3,표준 공종,/const/y_web/99/y_wbs_code_1h.html
,1400000200,U,3,표준 내역,/const/y_web/99/y_stand_detail_1h.html
,1400000300,S,3,공사 개요,/const/y_web/02/y_proj_basic_1h.html
,1400000350,U,3,현장관리비기준내역,/const/y_web/99/y_projmng_basic_1h.html
,1400000450,U,3,spt,
,1400000550,P,3,표준 공종,/const/y_web/99r/y_wbs_code_list_1h.html
,1500000000,U,1,외주관리   ,                                        
,1512000000,U,3,발주/견적 내역,                                        
,1512000100,U,4,발주목록및 내역작성,/const/s_web/01/s_order_list_1h.html
,1512000150,R,4,현설품의 승인,/const/s_web/01/s_order_approve_process_1h.html
,1512000200,S,4,견적목록및 견적내역,/const/s_web/02/s_estimate_list_selyn_1h.html
,1512000250,U,4,spt,
,1512000300,P,4,현장설명조서,/const/s_web/01r/s_estimate_concern_1h.html
,1512000400,P,4,현장설명 일반사항,/const/s_web/01r/s_estimate_concern_detail_1h.html
,1512000500,P,4,입찰내역서,/const/s_web/01r/s_order_content_1h.html
,1525000000,U,3,계약 관리 ,                                        
,1525000100,U,4,계약 대장,/const/s_web/03/s_chg_cn_list_1h.html
,1525000200,R,4,계약승인처리,/const/s_web/03/s_sbc_approve_process_1h.html
,1525000250,U,4,보증서접수내역,/const/s_web/03/s_guarantee_accept_1h.html
,1525000300,R,4,spt,
,1525000400,P,4,계약/변경/합의 내역서,/const/s_web/03r/s_chg_cn_list_rpt_1h.html
,1525000500,P,4,하도급계약서,/const/s_web/03r/s_cn_tot_1h.html
,1525000600,P,4,하도급계약대장,/const/s_web/03r/s_cn_ledger_1h.html
,1525000700,P,4,계약 현황,/const/s_web/03r/s_cn_dept_list_1h.html
,1525000800,P,4,계약보증현황(현장별),/const/s_web/03r/s_cn_dept_gurrant_1h.html
,1525000900,P,4,계약보증현황(업체별),/const/s_web/03r/s_cn_sbcr_gurrant_1h.html
,1550000000,U,3,기성 관리,                                        
,1550000100,U,4,기성 내역 등록,/const/s_web/04/s_pay_1h.html
,1550000150,U,4,spt,
,1550000175,R,4,현장별기성현황,/const/s_web/05/s_pay_dept_1h.html
,1550000181,R,4,업체별기성현황,/const/s_web/05/s_pay_sbcr_1h.html
,1550000184,R,4,공종별기성현황,/const/s_web/05/s_pay_order_1h.html
,1550000187,U,4,spt,
,1550000200,P,4,외주기성내역서,/const/s_web/04r/s_prgs_detail_rpt_1h.html
,1550000300,P,4,외주비 집계표,/const/s_web/04r/s_pay_list_rpt_1h.html
,1550000400,P,4,기성고 조서,/const/s_web/04r/s_prgs_request_rpt_1h.html
,1600000000,U,3,협력업체 관리,                                        
,1600000100,U,4,협력업체 등록,/const/s_web/98/s_sbcr_1h.html
,1600000200,U,4,spt,
,1600000300,P,4,협력업체등록대장,/const/s_web/05r/s_sbcr_rpt_1h.html
,1600000400,P,4,협력업체등록명부(공종별),/const/s_web/05r/s_sbcr_list_wbs_1h.html
,1600000500,P,4,협력업체등록명부(업체별),/const/s_web/05r/s_sbcr_list_sbcr_1h.html
,1600000600,P,4,협력업체주소록,/const/s_web/05r/s_sbcr_address_1h.html
,1600000700,P,4,입찰 및 계약현황표,/const/s_web/05r/s_sbcr_bid_cont_1h.html
,1650000000,U,3,평가관리,                                        
,1650000100,U,4,협력업체평가(현장).,/const/comm_version_up_1h.html
,1650000200,U,4,협력업체평가(본사).,/const/comm_version_up_1h.html
,1650000300,U,4,협력업체최종평가.,/const/comm_version_up_1h.html
,1650000400,U,4,spt,
,1650000500,P,4,협력업체평가표(현장).,/const/comm_version_up_1h.html
,1650000600,P,4,협력업체평가표(본사).,/const/comm_version_up_1h.html
,1650000700,P,4,협력업체최종평가표.,/const/comm_version_up_1h.html
,1700000000,U,3,기초 코드,                                        
,1700000100,U,4,발주 공종,/const/s_web/99/s_order_wbs_1h.html
,1700000200,U,4,전문 공종,/const/s_web/99/s_profession_wbs_1h.html
,1700000300,U,4,업체 등록 구분,/const/s_web/99/s_code_corporation_1h.html
,1700000500,U,4,업종 면허 등록,/const/s_web/99/s_code_treatkind_1h.html
,1700000600,U,4,평가항목등록.,/const/comm_version_up_1h.html
,1725000000,U,1,노무관리   ,                                        
,1750000000,U,2,출역관리,                                        
,1750000100,U,3,일자별 출역일보 등록,/const/l_web/01/l_labor_daily_work_1h.html
,1750000200,U,3,개인별 출역일보 등록,/const/l_web/01/l_labor_daily_work_per_1h.html
,1750000300,U,3,spt,
,1750000500,R,3,이중출역자현황,/const/l_web/01/l_labor_dbcheck_1h.html
,1750000600,U,3,spt,
,1750000700,P,3,노무비 지급대장,/const/l_web/01r/l_labor_monthly_rpt_1h.html
,1750000800,P,3,공종/직종별 집계표,/const/l_web/02r/l_wbs_tot_1h.html
,1750000900,P,3,직종/공종별 집계표,/const/l_web/02r/l_job_tot_1h.html
,1750002000,P,3,일자/공종별 집계표,/const/l_web/02r/l_daily_tot_1h.html
,1800000000,U,2,기초관리,                                        
,1800000100,U,3,노무자 기본 사항,/const/l_web/99/l_labor_basic_1h.html
,1800000200,U,3,직종 코드 등록,/const/l_web/99/l_code_job_1h.html
,1800000300,U,3,세율등록,/const/l_web/99/l_taxrate_1h.html
,1800000400,U,3,spt,
,1800000500,P,3,근로자명부,/const/l_web/99r/l_labor_basic_list_1h.html
,1800000600,P,3,직종코드집,/const/l_web/99r/l_job_1h.html
,1900000000,U,1,장비관리   ,                                        
,2000000000,U,2,운행관리,                                        
,2000000100,U,3,장비 운행일보 등록,/const/q_web/01/q_daily_run_1h.html
,2000000200,U,3,장비 지불내역 등록 ,/const/q_web/01/q_monthly_payment_1h.html
,2000000300,U,3,spt,
,2000000350,P,3,장비 청구 명세서,/const/q_web/01r/q_request_list_1h.html
,2000000400,P,3,일자별 장비 운행일보,/const/q_web/01r/q_daily_list_1h.html
,2000000500,P,3,임차회사별장비 운행일보,/const/q_web/01r/q_vender_daily_list_1h.html
,2000000600,P,3,공종별 장비투입내역,/const/q_web/01r/q_wbs_1h.html
,2100000000,U,2,공통관리,                                        
,2100000100,U,3,장비코드 등록,/const/q_web/99/q_code_eqp_1h.html
,2100000200,U,3,임차업체 등록,/const/q_web/99/q_code_eqp_vender_1h.html
,2100000300,U,3,spt,
,2100000400,P,3,거래처별 장비,/const/q_web/99r/q_code_eqp_list_1h.html
,2100000500,P,3,임차업체 목록,/const/q_web/99r/q_code_eqp_vender_list_1h.html
,2200000000,U,1,자재관리   ,                                        
,2204000000,U,2,계획관리,                                        
,2204000100,U,3,자재소요계획등록,/const/m_web/01/m_plan_1h.html
,2204000200,U,3,spt,
,2204000300,P,3,자재소요계획서.,/const/comm_version_up_1h.html
,2218000000,U,2,청구관리,                                        
,2218000010,U,3,자재청구,/const/m_web/01/m_request_1h.html
,2218000020,S,3,접수,/const/m_web/01/m_accept_1h.html
,2218000030,U,3,spt,
,2218000040,P,3,자재청구서,/const/m_web/01r/m_request_list_1h.html
,2218000140,P,3,자재청구현황.,/const/comm_version_up_1h.html
,2237000000,U,2,견적/품의,                                        
,2237000100,U,3,견적내역등록,/const/m_web/02/m_estimation_list_1h.html
,2237000200,U,3,구매품의,/const/m_web/02/m_approval_1h.html
,2237000300,R,3,spt,
,2237000400,P,3,품의대비입고현황,/const/m_web/02r/m_approv_input_1h.html
,2237000500,R,3,업체별견적대비표,/const/m_web/02r/m_vender_est_comp_list_1h.html
,2237000600,R,3,구매품의서,/const/m_web/02/m_approval_1h.html
,2237000700,R,3,발주서,/const/m_web/02/m_approval_1h.html
,2275000000,U,2,수불관리,                                        
,2275000100,U,3,자재입고,/const/m_web/03/m_input_1h.html
,2275000200,U,3,자재출고,/const/m_web/03/m_output_1h.html
,2275000250,U,3,공종별자재투입,/const/m_web/03/m_invest_list_1h.html
,2275000300,S,3,자재전출,/const/m_web/03/m_trans_1h.html
,2275000400,R,3,손료계산,/const/m_web/04/m_rent_cmpt_1h.html
,2275000500,U,3,spt,
,2275000600,P,3,자재수불현황,/const/m_web/03r/m_inout_list_1h.html
,2275000620,P,3,자재수불집계표,/const/m_web/03r/m_inout_sum_1h.html
,2275000700,P,3,자재종류별입고현황,/const/m_web/03r/m_matr_kind_input_1h.html
,2275000800,P,3,일자별자재입고현황,/const/m_web/03r/m_daily_input_1h.html
,2275000900,P,3,거래처별입고현황,/const/m_web/03r/m_input_vender_1h.html
,2275001000,P,3,자재재고현황,/const/m_web/03r/m_stock_1h.html
,2275002000,P,3,자재출고전표,/const/m_web/03r/m_output_slip_1h.html
,2275003000,P,3,자재손료현황,/const/m_web/03r/m_rent_fee_1h.html
,2350000000,U,2,기초 코드,                                        
,2350000100,U,3,자재코드 등록,/const/m_web/99/m_code_material_1h.html
,2350000200,U,3,거래처코드 등록,/const/m_web/98/m_vender_code_1h.html
,2350000250,U,3,입출고 구분코드 등록,/const/m_web/99/m_code_inouttype_1h.html
,2350000300,U,3,spt,
,2350000400,U,3,자재코드집.,/const/comm_version_up_1h.html
,2400000000,U,1,자금청구   ,                                        
,2407000000,U,2,전도금,                                        
,2407000100,U,3,전도금수령내역,/const/f_web/02/f_receive_amt_1h.html
,2408000000,U,2,월집계,                                        
,2408000100,S,3,월투입내역집계,/const/f_web/03/f_summary_1h.html
,2410000000,U,2,자금청구,                                        
,2410000100,U,3,투입내역입력,/const/f_web/01/f_request_1h.html
,2410000150,U,3,자금집행내역입력,/const/f_web/02/f_payment_1h.html
,2410000175,R,3,자동전표생성,/const/f_web/03/f_slip_list_1h.html
,2410000200,U,3,spt,
,2410000250,P,3,전도금집행내역서,/const/f_web/02r/f_payment_list_1h.html
,2410000300,P,3,자금청구내역서,/const/f_web/01r/f_request_list_1h.html
,2410000400,P,3,자금청구총괄표,/const/f_web/01r/f_request_tot_1h.html
,2447000000,U,2,공동도급,                                        
,2447000050,U,3,공동도급입력,/const/f_web/04/f_uni_cont_1h.html
,2447000100,U,3,공동도급배분입력,/const/f_web/04/f_joint_1h.html
,2447000200,U,3,spt,
,2447000300,P,3,공동도급원가배분내역서,/const/f_web/04r/f_joint_cost_detail_1h.html
,2447000400,P,3,공동도급원가배분집계표.,/const/comm_version_up_1h.html
,2447000500,P,3,공동도급실투입집계표.,/const/comm_version_up_1h.html
,2447000600,P,3,공동도급실투입내역서.,/const/comm_version_up_1h.html
,2465000000,U,2,기초 코드,                                        
,2465000100,U,3,거래처코드등록,/const/f_web/99/f_cust_code_1h.html
,2500000000,U,1,원가관리   ,                                        
,2600000000,U,2,원가 집계,                                        
,2600000100,S,3,공사원가집계,/const/c_web/04/c_cost_summary_1h.html
,2600000200,R,3,원가이월작업,/const/c_web/04/c_cost_tot_summary_1h.html
,2700000000,U,2,실행/도급 기성,                                        
,2700000100,S,3,실행/도급 기성,/const/c_web/02/c_spec_const_progress_1h.html
,2700000200,U,3,실행/도급 월계획,/const/c_web/02/c_spec_sum_code_plan_1h.html
,2700000300,U,3,spt,
,2700000400,P,3,실행기성내역서,/const/c_web/02r/c_prgs_1h.html
,2700000500,P,3,도급기성내역서,/const/c_web/02r/c_cnt_prgs_1h.html
,2700000600,P,3,기성대비투입원가,/const/c_web/02r/c_cnt_cost_prgs_1h.html
,2750000000,,2,수금 계획및 정산,                                        
,2750000100,U,3,년간 수금계획 ,/const/c_web/03/c_contract_collection_plan_1h.html
,2750000200,U,3,도급기성 청구및 수금,/const/c_web/03/c_contract_time_ext_1h.html
,2750000300,S,3,년인원계획및실적,/const/c_web/03/c_person_insert_1h.html
,2750000400,U,3,spt,
,2750000500,P,3,매출계획대비실적.,/const/comm_version_up_1h.html
,2800000000,U,2,원가 조회,                                        
,2800000150,R,3,지역별 공사 현황,/const/c_web/01/c_map_1h.html
,2800000175,R,3,공사 현황 총괄,/const/c_web/01/c_spec_const_parent_amt_1h.html
,2800000200,R,3,월별 공사현황 총괄(계획대비),/const/c_web/01/c_spec_plan_yymm_1h.html
,2800000225,R,3,현장별 사진 조회,/const/c_web/01/c_prgs_picture_dept_1h.html
,2800000250,U,3,spt,
,2800000300,P,3,공사현황총괄표(보고서),/const/c_web/04r/c_const_tot_1h.html
,2800000350,P,3,공종별손익현황표(보고서),/const/c_web/04r/c_const_prof_1h.html
,2900000000,U,2,기초 코드,                                        
,2900000100,U,3,원가 집계 분류(현장),/const/c_web/99/c_spec_class_child_1h.html
,2900000200,U,3,현장 사진 등록,/const/c_web/99/c_prgs_picture_1h.html
,2903000000,,1,분양관리   ,                                        
,2904000000,U,2,기본정보,                                        
,2904000100,U,3,현장등록,/general/h_web/01/h_code_dept_1h.html
,2904000200,U,3,분양구분등록,/general/h_web/01/h_code_house_1h.html
,2904000300,U,3,평형별약정등록,/general/h_web/01/h_base_pyong_master_1h.html
,2904000400,U,3,공급세대등록,/general/h_web/01/h_sale_master_insert_1h.html
,2904000500,U,3,계좌번호등록,/general/h_web/01/h_code_deposit_1h.html
,2904000600,U,3,서비스옵션등록,/general/h_web/01/h_base_option_master_1h.html
,2904000700,U,3,고객등록,/general/h_web/01/h_code_cust_1h.html
,2904000750,U,3,spt,
,2904000800,R,3,기본이율내역조회,/general/h_web/01/h_base_interest_rate_1h.html
,2904000850,P,3,고객명단출력,/general/h_web/01r/h_code_house_list_rpt_1h.html
,2904000900,P,3,현장별기본내역,/general/h_web/01r/h_dept_code_rpt_1h.html
,2905000000,U,2,청약관리,                                        
,2905000100,U,3,청약자 등록,/general/h_web/02/h_subs_master_1h.html
,2905000200,S,3,당첨자 등록,/general/h_web/02/h_subs_prize_master_1h.html
,2905000300,S,3,청약금 환불,/general/h_web/02/h_subs_refund_1h.html
,2905000400,U,3,spt,
,2905000500,P,3,청약자/당첨자/예비당첨자출력,/general/h_web/02r/h_subs_list_rpt_1h.html
,2905000600,P,3,청약금입출력내역출력,/general/h_web/02r/h_subs_amt_rpt_1h.html
,2906000000,U,2,계약관리,                                        
,2906000100,U,3,계약자 등록,/general/h_web/03/h_contract_master_1h.html
,2906000200,U,3,명의변경,/general/h_web/03/h_contract_name_chg_1h.html
,2906000300,U,3,동호변경,/general/h_web/03/h_contract_dongho_chg_1h.html
,2906000400,U,3,해약처리,/general/h_web/03/h_contract_cancel_1h.html
,2906000500,U,3,spt,
,2906000550,R,3,분양현황도,/general/h_web/03/h_cont_state_1h.html
,2906000600,P,3,계약자명단,/general/h_web/03r/h_contract_list_rpt_1h.html
,2906000650,P,3,세대별계약현황출력,/general/h_web/03r/h_cont_contract_list_rpt_1h.html
,2906000700,P,3,계약자스티커출력,/general/h_web/03r/h_contract_sticker_rpt_1h.html
,2906000800,P,3,전매명부,/general/h_web/03r/h_all_sale_list_rpt_1h.html
,2906000900,P,3,해약명부,/general/h_web/03r/h_contract_cancel_rpt_1h.html
,2906002000,P,3,해약환불금내역서,/general/h_web/03r/h_cancel_refund_rpt_1h.html
,2907000000,U,2,수입금관리,                                        
,2907000100,U,3,분양금입금관리,/general/h_web/04/h_income_master_1h.html
,2907000200,S,3,CMS수납처리,/general/h_web/04/h_cms_conversion_1h.html
,2907000220,U,3,세대별메모사항.,/general/h_web/04/h_sale_meno_1h.html
,2907000240,R,3,납입예정조회.,/general/h_web/04/h_receipt_plan_1h.html
,2907000260,R,3,현장별분양및입금조회.,/general/h_web/04/h_dept_house_receipt_1h.html
,2907000280,R,3,세대별과세표준및입금현황.,/general/h_web/04/h_sale_tax_receipt_1h.html
,2907000290,U,3,spt,
,2907000300,P,3,개인별분양총괄현황,/general/h_web/04r/h_sale_income_pers_rpt_1h.html
,2907000400,P,3,동호별분양총괄현황,/general/h_web/04r/h_sale_income_dongho_rpt_1h.html
,2907000500,P,3,현장별분양총괄현황.,/general/h_web/04r/h_sale_income_dept_rpt_1h.html
,2907000600,P,3,분양금완납자명단,/general/h_web/04r/h_sale_income_fullpayment_rpt_1h.html
,2907000700,P,3,분양금선납자명단,/general/h_web/04r/h_sale_income_prepayment_rpt_1h.html
,2907000800,P,3,분양금미납자명단.,/general/h_web/04r/h_sale_incomp_nopayment_rpt_1h.html
,2907000900,P,3,입금일보,/general/h_web/04r/h_sale_income_account_rpt_1h.html
,2907001000,P,3,일자별수납내역,/general/h_web/04r/h_sale_daily_pay_list_rpt_1h.html
,2907001100,P,3,현장별월별수납내역,/general/h_web/04r/h_sale_month_pay_list_rpt_1h.html
,2907001200,P,3,현장별입금및예정현황,/general/h_web/04r/h_sale_job_pay_plan_rpt_1h.html
,2907001300,P,3,분양금납부안내장.,/general/h_web/04r/h_house_receipt_list_rpt_1h.html
,2907001400,P,3,분양금납부독촉장.,/general/h_web/04r/h_house_receipt_demand_rpt_1h.html
,2908000000,U,2,대출금관리,                                        
,2908000100,R,3,국민기금/대출금관리,/general/h_web/05/h_sale_loan_comm_1h.html
,2908000150,U,3,spt,
,2908000200,P,3,국민주택기금신청자명단,/general/h_web/05r/h_sale_fund_list_rpt_1h.html
,2908000300,P,3,대출자명단,/general/h_web/05r/h_sale_loan_list_rpt_1h.html
,2909000000,U,2,입주관리,                                        
,2909000100,U,3,서류발행이력관리.,/general/h_web/06/h_sale_document_1h.html
,2909000150,U,3,spt,
,2909000200,P,3,입주예정일확인증.,/general/h_web/06r/h_moveintoday_confirm_1h.html
,2909000300,P,3,입주증.,/general/h_web/06r/h_moveinto_confirm.html
,2909000400,P,3,세대별열쇠불출증.,/general/h_web/06r/h_cont_key_list_1h.html
,2909000500,P,3,입금표.,/general/h_web/06r/h_inputamt_list_1h.html
,2914000000,U,2,조합관리,                                        
,2914000100,U,3,조합원등록,/general/h_web/07/h_unin_member_1h.html
,2914000200,S,3,조합원해약처리,/general/h_web/07/h_unin_member_cancel_1h.html
,2914000300,U,3,조합대여금관리,/general/h_web/07/h_unin_loan_master_1h.html
,2914000400,U,3,조합원대여금관리,/general/h_web/07/h_unin_member_paymaster_1h.html
,2914000450,U,3,청산금관리.,/general/h_web/07/h_unin_loan_repay_1h.html
,2914000500,U,3,spt,
,2914000600,P,3,조합원명부,/general/h_web/07r/h_unin_member_rpt_1h.html
,2914000700,P,3,이주대여비이자수납일보.,/general/h_web/07r/h_unin_intr_repay_rpt_1h.html
,2914000800,P,3,이주대여비지급및수납일보.,/general/h_web/07r/h_unin_repay_list_rpt_1h.html
,2914000900,P,3,이주대여비미수이자현황.,/general/h_web/07r/h_unin_misu_intr_list_rpt_1h.html
,2914001000,P,3,이주대여비지급및수납현황.,/general/h_web/07r/h_unin_pay_repay_list_rpt_1h.html
,2917000000,U,2,임대관리,                                        
,2917000100,U,3,임대대장등록,/general/h_web/08/h_leas_master_1h.html
,2917000200,U,3,임대료입금관리,/general/h_web/08/h_leas_lease_receipt_1h.html
,2917000250,U,3,spt,
,2917000300,P,3,임대계약자명단.,/general/h_web/08r/h_leas_master_list_rpt_1h.html
,2917000400,P,3,임대료약정내역.,/general/h_web/08r/h_leas_agree_list_rpt_1h.html
,2917000500,P,3,임대료수납일보.,/general/h_web/08r/h_leas_lease_receipt_rpt_1h.html
,2917000600,P,3,임대보증금입출금일보.,/general/h_web/08r/h_leas_guarantee_list_rpt_1h.html
,2917000700,P,3,개인별임대보증금대장.,/general/h_web/08r/h_leas_guarantee_per_rpt_1h.html
,2917000800,P,3,개인별임대료대장.,/general/h_web/08r/h_leas_amt_master_rpt_1h.html
,2917000900,P,3,임대보증금납부안내장.,/general/h_web/08r/h_leas_guarantee_plan_1h.html
,2917001000,P,3,임대보증금납부독촉장.,/general/h_web/08r/h_leas_guarantee_demand_rpt_1h.html
,2917001100,P,3,임대료지로용지.,/general/h_web/08r/h_leas_zero_list_rpt_1h.html
,2917001200,P,3,임대료납부독촉장.,/general/h_web/08r/h_leas_amt_demand_rpt_1h.html
,2917001300,P,3,제한채권접수명단.,/general/h_web/08r/h_leas_limit_list_rpt_1h.html
,2920000000,U,2,정산관리,                                        
,2920000100,R,3,세대별분양미수현황.,/general/h_web/09/h_sale_noreceipt_1h.html
,2920000200,R,3,현장별수입비용현황.,/general/h_web/09/h_sale_income_cost_1h.html
,2925000000,U,2,전표관리,                                        
,2925000100,S,3,전표집계일괄처리.,/general/h_web/10/h_slip_process_1h.html
,2925000200,R,3,전표집계조회.,/general/h_web/10/h_slip_summary_1h.html
,2932000000,U,2,기초코드,                                        
,2932000100,U,3,공통코드관리,/general/h_web/99/h_code_codediv_1h.html
,2940000000,,1,경영정보   ,                                        
,2941000000,R,2,경영현황,                                        
,2941000050,R,3,경영현황(총괄),/const/r_web/05/r_mis_querytot_1h.html
,2941000100,R,3,경영현황(수주현황),/const/r_web/05/r_mis_query01_1h.html
,2941000200,R,3,경영현황(매출현황),/const/r_web/05/r_mis_query02_1h.html
,2941000300,R,3,경영현황(수금현황),/const/r_web/05/r_mis_query03_1h.html
,2950000000,R,2,외주정보,                                        
,2950000100,R,3,현장별기성현황,/const/s_web/05/s_pay_dept_1h.html
,2950000200,R,3,업체별기성현황,/const/s_web/05/s_pay_sbcr_1h.html
,2950000300,R,3,공종별기성현황,/const/s_web/05/s_pay_order_1h.html
,2950000400,R,3,spt,
,2950000500,R,3,협력업체 등록,/const/s_web/98/s_sbcr_1h.html
,2953000000,R,2,노무정보,                                        
,2953000100,P,3,노무비 지급대장,/const/l_web/01r/l_labor_monthly_rpt_1h.html
,2953000200,R,3,이중출역자현황,/const/l_web/01/l_labor_dbcheck_1h.html
,2954000000,R,2,장비정보,                                        
,2954000100,R,3,장비 지불내역 등록 ,/const/q_web/01/q_monthly_payment_1h.html
,2954000200,P,3,일자별 장비 운행일보,/const/q_web/01r/q_daily_list_1h.html
,2962000000,R,2,자재정보,                                        
,2962000100,R,3,품의대비입고현황,/const/m_web/02r/m_approv_input_1h.html
,2962000200,P,3,자재수불현황,/const/m_web/03r/m_inout_list_1h.html
,2965000000,R,2,자금청구,                                        
,2965000100,P,3,자금청구총괄표,/const/f_web/01r/f_request_tot_1h.html
,2965000200,P,3,자금청구내역서,/const/f_web/01r/f_request_list_1h.html
,2965000300,P,3,전도금집행내역서,/const/f_web/02r/f_payment_list_1h.html
,2965000400,P,3,공동도급원가배분내역서,/const/f_web/04r/f_joint_cost_detail_1h.html
,2975000000,,2,원가정보,                                        
,2975000100,R,3,년간 수금계획 ,/const/c_web/03/c_contract_collection_plan_1h.html
,2975000200,R,3,도급기성 청구및 수금,/const/c_web/03/c_contract_time_ext_1h.html
,2975000300,R,3,spt,
,2975000400,R,3,지역별 공사 현황,/const/c_web/01/c_map_1h.html
,2975000500,R,3,공사 현황 총괄,/const/c_web/01/c_spec_const_parent_amt_1h.html
,2975000600,R,3,월별 공사현황 총괄(계획대비),/const/c_web/01/c_spec_plan_yymm_1h.html
,2975000650,R,3,현장별 사진 조회,/const/c_web/01/c_prgs_picture_dept_1h.html
,2975000700,R,3,spt,
,2975000800,P,3,공사현황총괄표(보고서),/const/c_web/04r/c_const_tot_1h.html
,2975000900,,3,spt,
,2975001000,R,3,현장별 단가대비,/const/y_web/03/y_compare_price_1h.html
,2987000000,,1,인사관리,                                        
,2990000000,U,2,기초코드,                                        
,2993000000,U,2,조건검색,                                        
,2993000100,U,3,조건항목등록,/general/p_web/01/p_cond_item_1h.html
,3000000000,,1,이전,                                        
,3100000000,,1,이후,                                        
